name,age,purchase_history,price,quantity,order_date,TOTAL_REVENUE
Catharine,5,['item1'],988,46,2024-09-09,45448
Danny,36,"['item1', 'item2']",892,43,2024-01-21,38356
Odelle,6,"['item2', 'item1']",644,47,2024-07-07,30268
Darcie,90,"['item2', 'item1']",891,12,2024-09-28,10692
Menard,26,['item1'],68,16,2024-02-21,1088
Odelle,43,['item2'],778,14,2024-07-05,10892
Glenn,110,['item2'],769,44,2024-05-07,33836
Morry,21,['item1'],792,47,2024-01-04,37224
Lexi,113,"['item1', 'item2']",502,36,2024-08-10,18072
Brandice,115,['item1'],518,9,2024-07-22,4662
Shalom,108,"['item1', 'item2']",71,3,2024-02-25,213
Antons,76,"['item1', 'item2']",490,24,2023-12-18,11760
Reina,49,['item2'],402,36,2024-10-15,14472
Alie,84,"['item2', 'item1']",320,35,2024-09-12,11200
Lavinie,40,['item1'],778,41,2024-06-15,31898
Lynna,0,['item1'],377,10,2024-07-01,3770
Simonne,106,"['item1', 'item2']",691,10,2024-05-26,6910
Nicky,67,['item1'],888,49,2024-02-14,43512
Felice,107,"['item1', 'item2']",301,18,2024-06-16,5418
Lemmy,51,"['item1', 'item2']",441,19,2024-09-17,8379
Lura,52,"['item1', 'item2']",677,44,2024-11-01,29788
Shari,96,['item2'],305,8,2024-07-30,2440
Maison,75,"['item1', 'item2']",768,12,2024-02-01,9216
Gates,44,['item1'],843,3,2024-05-19,2529
Evangeline,16,['item2'],628,28,2024-03-29,17584
Lenee,64,"['item2', 'item1']",781,32,2024-01-19,24992
Seka,62,"['item1', 'item2']",260,14,2024-04-12,3640
Kelcy,71,['item2'],542,13,2024-01-17,7046
Robinette,31,"['item1', 'item2']",569,47,2024-02-29,26743
Hy,15,['item1'],269,4,2024-10-15,1076
Delmore,52,"['item1', 'item2']",447,26,2024-11-04,11622
Goldi,34,"['item2', 'item1']",785,8,2024-01-25,6280
Culver,112,"['item2', 'item1']",347,34,2024-03-03,11798
Antonino,90,['item2'],871,21,2024-09-26,18291
Giff,9,['item1'],67,28,2024-08-30,1876
Ferdy,3,['item1'],432,46,2024-04-23,19872
Jerrine,56,"['item2', 'item1']",254,17,2024-09-29,4318
Langsdon,70,"['item2', 'item1']",966,17,2024-05-24,16422
Ches,23,"['item1', 'item2']",417,16,2023-11-23,6672
Decca,42,['item1'],737,46,2024-10-26,33902
Korry,66,"['item2', 'item1']",88,44,2024-03-20,3872
Mandi,59,['item1'],270,33,2023-12-23,8910
Luca,104,['item1'],618,41,2024-09-14,25338
Dorolice,50,['item1'],996,48,2023-12-29,47808
Tab,21,"['item2', 'item1']",279,25,2024-09-27,6975
Elna,30,"['item2', 'item1']",667,10,2024-05-01,6670
Kerwin,54,"['item1', 'item2']",425,33,2024-09-07,14025
Clareta,46,"['item1', 'item2']",700,24,2024-10-14,16800
Colver,19,"['item1', 'item2']",122,35,2024-10-12,4270
Lisle,37,['item1'],139,13,2024-08-02,1807
Martelle,16,['item2'],845,47,2024-06-15,39715
Clemens,103,"['item1', 'item2']",521,7,2024-08-22,3647
Chrissy,45,"['item2', 'item1']",304,41,2024-06-26,12464
Doreen,29,"['item1', 'item2']",532,26,2024-09-17,13832
Selia,78,['item2'],928,34,2024-03-08,31552
Reider,95,['item2'],373,7,2024-04-20,2611
Stephenie,17,['item2'],947,23,2024-08-13,21781
Jard,64,['item1'],7,35,2024-09-19,245
Florella,34,"['item2', 'item1']",596,15,2024-03-17,8940
Viv,91,['item1'],416,7,2024-10-23,2912
Sander,49,['item2'],729,6,2024-08-13,4374
Goldie,29,['item1'],871,6,2024-09-09,5226
Randi,58,"['item2', 'item1']",423,40,2023-12-28,16920
Christina,65,['item2'],799,11,2024-04-02,8789
Iorgo,56,['item1'],454,44,2024-03-08,19976
Pansy,21,"['item2', 'item1']",777,24,2023-12-11,18648
Thornton,63,['item2'],444,32,2023-12-16,14208
Ulrikaumeko,54,['item2'],507,29,2024-08-28,14703
Craggy,32,"['item1', 'item2']",8,12,2024-08-02,96
Jessamine,44,"['item1', 'item2']",326,10,2024-06-08,3260
Jonie,69,"['item1', 'item2']",573,21,2023-12-13,12033
Ulrike,61,['item2'],594,42,2024-07-14,24948
Nalani,53,['item2'],95,12,2024-08-25,1140
Alistair,102,"['item2', 'item1']",642,23,2024-10-07,14766
Marcelia,69,"['item2', 'item1']",732,14,2024-10-14,10248
Pierre,79,"['item2', 'item1']",686,42,2024-07-31,28812
June,62,"['item1', 'item2']",789,48,2024-09-30,37872
Donal,28,['item2'],553,24,2024-09-28,13272
Jammie,23,['item2'],795,39,2024-04-02,31005
Kristi,26,['item1'],967,41,2024-07-18,39647
Cherish,52,['item2'],182,19,2024-06-29,3458
Flinn,7,['item2'],866,6,2024-08-02,5196
Rossy,40,"['item1', 'item2']",674,24,2024-08-22,16176
Ingmar,18,['item1'],281,36,2024-10-18,10116
Madelena,1,['item1'],657,29,2024-09-24,19053
Palmer,85,['item2'],983,29,2024-04-16,28507
Kerk,1,['item1'],51,9,2024-06-15,459
Sholom,111,"['item1', 'item2']",888,16,2024-08-02,14208
Chip,29,"['item1', 'item2']",552,20,2024-08-30,11040
Homerus,66,['item1'],855,36,2024-03-19,30780
Monica,12,['item1'],613,45,2024-05-23,27585
Silvana,35,['item2'],173,22,2024-05-26,3806
Christabel,54,['item2'],135,30,2024-11-21,4050
Terese,110,"['item2', 'item1']",506,42,2024-01-10,21252
Carolus,57,['item2'],296,33,2024-09-30,9768
Sigfried,54,['item1'],905,2,2024-06-05,1810
Ramona,85,"['item1', 'item2']",578,47,2024-10-01,27166
Trudey,38,['item1'],184,29,2024-08-13,5336
Florinda,105,"['item1', 'item2']",982,23,2023-12-25,22586
Rosalia,83,['item2'],773,42,2024-02-28,32466
Michel,89,"['item1', 'item2']",547,35,2024-01-30,19145
Morton,116,['item2'],738,21,2024-01-31,15498
Gearard,118,"['item1', 'item2']",336,21,2024-05-09,7056
Nero,110,"['item2', 'item1']",175,46,2024-09-16,8050
Hildegarde,73,['item2'],230,1,2023-12-23,230
Deny,23,"['item2', 'item1']",892,37,2023-12-28,33004
Sergeant,37,"['item2', 'item1']",42,6,2024-05-30,252
Sigismond,80,['item1'],101,12,2024-09-20,1212
Andriette,21,['item2'],87,15,2024-03-09,1305
Chlo,58,['item2'],350,45,2024-08-03,15750
Joyce,41,['item2'],554,5,2024-10-16,2770
Martelle,49,"['item1', 'item2']",238,44,2023-12-21,10472
Gav,21,['item1'],376,44,2024-09-07,16544
Kathy,77,['item2'],84,15,2024-02-01,1260
Rutledge,83,['item1'],369,40,2024-08-27,14760
Dacia,67,['item2'],422,21,2024-07-22,8862
Eustace,96,['item2'],10,35,2024-01-14,350
Chrysa,72,"['item2', 'item1']",554,20,2024-05-12,11080
Kerrie,65,['item1'],540,31,2023-12-05,16740
Clifford,70,"['item1', 'item2']",579,20,2024-11-08,11580
Henriette,76,"['item2', 'item1']",580,50,2024-04-10,29000
Irwin,100,['item1'],24,15,2023-11-28,360
Willey,74,"['item2', 'item1']",181,9,2024-02-27,1629
Gail,6,"['item1', 'item2']",914,39,2023-12-03,35646
Minnie,74,"['item2', 'item1']",557,32,2024-01-29,17824
Roselle,16,['item2'],545,50,2024-02-21,27250
Winthrop,90,['item2'],758,35,2023-12-17,26530
Darrin,43,"['item2', 'item1']",948,26,2024-09-28,24648
Brantley,86,"['item1', 'item2']",531,9,2024-07-25,4779
Archibaldo,37,"['item2', 'item1']",283,18,2024-07-29,5094
Teador,37,"['item2', 'item1']",863,1,2024-03-08,863
Georas,4,"['item1', 'item2']",597,44,2024-11-14,26268
Wally,40,['item1'],443,33,2024-01-29,14619
Lisbeth,30,['item2'],64,42,2024-01-14,2688
Gill,60,"['item2', 'item1']",576,24,2024-05-09,13824
Tomas,96,"['item2', 'item1']",542,25,2024-03-14,13550
Burlie,41,['item1'],532,40,2024-10-23,21280
Minne,21,['item1'],491,4,2024-08-27,1964
Ilaire,49,"['item2', 'item1']",683,15,2024-05-23,10245
Alphonse,6,"['item2', 'item1']",861,37,2024-09-20,31857
Elbert,60,"['item2', 'item1']",709,31,2024-02-24,21979
Willetta,20,['item2'],395,36,2024-06-15,14220
Kendra,25,['item1'],318,46,2023-12-17,14628
Lura,26,['item1'],882,22,2024-10-14,19404
Amy,78,['item2'],853,20,2024-01-03,17060
Susanne,2,['item1'],505,13,2024-01-21,6565
Paulita,92,"['item1', 'item2']",222,27,2024-06-03,5994
Karlee,105,"['item2', 'item1']",577,10,2024-02-07,5770
Drucy,100,"['item1', 'item2']",731,28,2024-08-03,20468
Ardine,45,['item1'],611,39,2024-04-13,23829
Edithe,52,['item1'],288,48,2024-03-20,13824
Jaclyn,33,['item1'],563,7,2024-06-20,3941
Nonnah,31,['item1'],704,17,2023-12-22,11968
Walt,1,['item1'],50,16,2024-01-17,800
Alvina,6,['item2'],792,47,2024-05-18,37224
Efrem,47,"['item2', 'item1']",841,20,2024-05-25,16820
Thebault,7,['item2'],480,43,2024-08-09,20640
Maribel,71,['item1'],418,23,2024-05-15,9614
Barbette,13,"['item2', 'item1']",593,22,2023-12-04,13046
Paten,24,"['item1', 'item2']",818,37,2024-02-01,30266
Mano,113,['item2'],399,40,2024-09-19,15960
Tessie,48,"['item1', 'item2']",452,10,2024-08-18,4520
Stanwood,117,['item2'],622,5,2024-05-10,3110
Gisele,7,"['item2', 'item1']",69,10,2024-02-09,690
Bebe,85,['item1'],716,15,2024-09-09,10740
Umeko,30,['item2'],814,45,2024-10-30,36630
Imojean,65,"['item2', 'item1']",997,37,2024-01-02,36889
Irvin,94,['item1'],560,19,2024-10-02,10640
Clem,74,"['item2', 'item1']",381,26,2024-09-21,9906
Terrel,63,"['item2', 'item1']",893,13,2024-05-10,11609
Gaspar,90,"['item2', 'item1']",748,6,2024-08-15,4488
Marigold,23,['item2'],362,19,2024-04-20,6878
Feodor,63,['item2'],12,36,2023-12-26,432
Donall,103,"['item1', 'item2']",269,22,2024-04-02,5918
Collin,23,"['item1', 'item2']",676,20,2024-01-08,13520
Joycelin,33,['item1'],531,12,2024-01-25,6372
Krissie,80,"['item2', 'item1']",5,13,2023-12-29,65
Lilllie,19,['item2'],404,38,2024-03-19,15352
Jen,98,['item1'],122,40,2024-04-02,4880
Grange,65,"['item2', 'item1']",252,31,2024-10-23,7812
Winnah,26,['item2'],98,32,2024-08-09,3136
Ganny,92,"['item1', 'item2']",543,49,2024-05-28,26607
Dewitt,14,['item1'],371,24,2024-06-01,8904
Kayle,27,['item2'],172,5,2024-04-01,860
Dorie,90,"['item1', 'item2']",43,11,2024-07-26,473
Hewitt,14,['item2'],129,47,2024-10-12,6063
Carin,120,"['item2', 'item1']",57,45,2023-12-07,2565
Hyacinthe,82,['item1'],180,1,2024-09-11,180
Shannen,21,['item1'],498,30,2024-05-14,14940
Rodie,111,['item1'],71,49,2024-03-14,3479
Amelia,94,['item1'],167,7,2024-07-31,1169
Ezmeralda,88,"['item1', 'item2']",63,43,2024-07-30,2709
Hayyim,69,['item2'],760,5,2024-10-27,3800
Evvie,107,['item1'],750,39,2024-06-08,29250
Clarine,44,"['item1', 'item2']",489,12,2024-05-06,5868
Ronni,49,['item1'],644,45,2023-12-22,28980
Maris,27,['item2'],79,41,2024-10-20,3239
Falkner,78,['item1'],92,46,2024-09-07,4232
Westley,20,['item2'],165,29,2024-03-16,4785
Lucho,76,['item2'],176,3,2024-09-08,528
Etty,46,['item1'],845,38,2024-06-17,32110
Malvina,67,['item1'],458,45,2024-05-14,20610
Shem,5,['item1'],881,44,2024-02-26,38764
Kellen,82,['item1'],853,13,2024-11-15,11089
Murray,93,['item2'],391,22,2024-11-16,8602
Faith,79,"['item1', 'item2']",508,39,2024-08-14,19812
Hedy,90,"['item2', 'item1']",278,32,2024-05-15,8896
Gawain,59,['item1'],962,33,2024-08-08,31746
Douglass,40,['item1'],716,35,2024-06-16,25060
Ami,94,['item2'],70,45,2024-01-15,3150
Jocelyne,69,"['item2', 'item1']",645,44,2024-07-05,28380
Joelle,97,['item1'],269,9,2024-05-27,2421
Ivie,54,"['item2', 'item1']",19,12,2024-06-20,228
Jeana,10,['item2'],491,35,2024-02-19,17185
Willamina,90,"['item2', 'item1']",603,11,2024-06-16,6633
Darsie,7,['item2'],213,45,2024-02-14,9585
Rocky,92,['item2'],87,6,2024-08-22,522
Darci,80,"['item1', 'item2']",519,10,2023-11-28,5190
Layne,83,"['item2', 'item1']",549,32,2024-01-18,17568
Darrelle,36,"['item1', 'item2']",477,44,2024-11-06,20988
Cleo,95,['item1'],114,13,2023-12-09,1482
Allen,108,"['item1', 'item2']",398,10,2024-02-06,3980
Thibaud,115,['item1'],939,49,2024-08-20,46011
Olivette,26,"['item2', 'item1']",286,40,2024-04-08,11440
Vanessa,83,['item2'],882,9,2024-07-14,7938
Mallissa,92,"['item2', 'item1']",571,36,2024-03-27,20556
Lucinda,26,"['item1', 'item2']",899,10,2024-03-16,8990
Forester,120,['item2'],982,29,2024-08-07,28478
Lorelle,85,['item2'],794,19,2023-12-14,15086
Lorna,51,['item1'],111,22,2024-10-07,2442
Maryjane,53,['item2'],539,41,2024-10-22,22099
Leda,92,['item2'],661,45,2024-10-06,29745
Templeton,92,['item2'],973,36,2024-04-20,35028
Noami,117,['item1'],492,3,2024-07-11,1476
Jessalyn,85,"['item1', 'item2']",507,40,2024-08-20,20280
Rori,53,['item2'],562,44,2024-08-09,24728
Augie,40,['item2'],28,40,2024-01-04,1120
Nertie,7,"['item2', 'item1']",670,48,2024-09-14,32160
Selestina,120,['item1'],332,35,2024-07-30,11620
Caroline,77,['item2'],416,44,2024-03-11,18304
Cybill,73,"['item2', 'item1']",316,25,2024-11-20,7900
Norris,111,['item2'],419,24,2024-08-11,10056
Ella,77,['item2'],556,46,2024-08-04,25576
Rossie,77,['item1'],468,46,2023-11-23,21528
Noby,72,['item1'],85,4,2024-06-17,340
Josselyn,22,['item2'],817,22,2024-09-09,17974
Jemmy,57,['item1'],553,30,2024-04-08,16590
Cliff,29,"['item2', 'item1']",822,42,2024-05-15,34524
Herculie,21,['item1'],665,47,2024-01-15,31255
Portia,5,['item1'],372,22,2024-01-31,8184
Ricoriki,12,['item1'],332,44,2024-02-21,14608
Kaylyn,72,['item1'],926,15,2024-02-14,13890
Carie,71,"['item2', 'item1']",24,14,2024-06-29,336
Sabina,7,"['item1', 'item2']",568,1,2024-01-18,568
Alisander,92,"['item1', 'item2']",700,5,2023-12-31,3500
Aile,106,"['item2', 'item1']",371,9,2024-05-18,3339
Bram,81,"['item2', 'item1']",867,6,2024-06-05,5202
Broddy,31,['item2'],398,48,2024-08-20,19104
Thorin,33,['item1'],327,32,2024-05-16,10464
Farlee,15,['item2'],607,43,2024-08-02,26101
Englebert,99,"['item1', 'item2']",845,21,2024-03-20,17745
Deeanne,2,['item1'],228,33,2023-12-31,7524
Loydie,81,"['item2', 'item1']",455,42,2024-01-28,19110
Gawain,59,['item2'],576,7,2024-07-29,4032
Stefania,93,['item1'],654,13,2024-11-07,8502
Nelson,109,['item1'],623,39,2024-04-13,24297
Brand,9,"['item1', 'item2']",730,38,2024-11-19,27740
Mozelle,51,['item1'],793,2,2023-12-24,1586
Mickey,78,['item1'],591,4,2024-07-22,2364
Brucie,29,"['item1', 'item2']",727,6,2024-07-04,4362
Geno,55,['item2'],842,6,2024-04-16,5052
Nevin,101,"['item1', 'item2']",852,44,2024-06-12,37488
Keen,72,"['item2', 'item1']",74,39,2024-05-04,2886
Leona,104,"['item1', 'item2']",978,27,2024-04-08,26406
Jonathon,117,"['item1', 'item2']",777,1,2024-05-19,777
Onofredo,75,"['item2', 'item1']",114,48,2024-11-15,5472
Drusilla,41,"['item2', 'item1']",572,25,2024-03-12,14300
Darnall,48,['item2'],732,18,2024-11-14,13176
Alfie,98,"['item2', 'item1']",868,13,2024-09-11,11284
Anny,88,"['item1', 'item2']",933,39,2024-09-19,36387
Renaldo,81,['item2'],393,20,2024-10-09,7860
Cory,36,['item2'],367,28,2024-07-08,10276
Ly,96,"['item1', 'item2']",804,36,2024-09-26,28944
Manya,7,['item2'],891,34,2024-11-07,30294
Mala,53,['item2'],380,10,2024-03-23,3800
Enrica,83,['item1'],241,29,2024-02-21,6989
Juliann,41,"['item1', 'item2']",212,19,2024-03-22,4028
Clarence,71,['item1'],227,37,2024-02-11,8399
Jonell,95,['item1'],448,48,2024-07-04,21504
Clayton,110,"['item1', 'item2']",21,42,2024-04-27,882
Lesly,12,['item1'],445,3,2024-07-11,1335
Mariana,89,"['item2', 'item1']",579,1,2024-11-19,579
Norah,37,['item1'],565,44,2024-01-23,24860
Hedvige,88,"['item1', 'item2']",312,26,2024-10-11,8112
Ennis,40,"['item1', 'item2']",408,44,2024-05-27,17952
Carlin,83,"['item2', 'item1']",106,49,2024-01-14,5194
Gibbie,81,['item2'],378,40,2024-09-11,15120
Christa,73,"['item2', 'item1']",440,42,2024-01-22,18480
Merola,58,"['item1', 'item2']",581,38,2024-07-11,22078
Odell,76,['item1'],312,35,2024-07-31,10920
Hester,107,"['item1', 'item2']",515,16,2024-08-31,8240
Merline,107,['item2'],232,20,2024-06-19,4640
Stern,43,['item1'],992,25,2024-01-04,24800
Ag,52,"['item2', 'item1']",720,23,2024-04-06,16560
Christa,24,['item2'],626,47,2024-01-14,29422
Bryana,30,['item2'],30,45,2024-11-06,1350
Darice,43,"['item2', 'item1']",8,14,2024-08-13,112
Leandra,0,['item2'],618,8,2024-08-31,4944
Tallie,64,"['item2', 'item1']",494,18,2024-01-22,8892
Northrop,88,"['item2', 'item1']",795,15,2024-09-05,11925
Ermanno,28,['item2'],722,46,2024-07-16,33212
Kendrick,78,"['item1', 'item2']",995,26,2024-01-03,25870
Coletta,10,"['item2', 'item1']",495,32,2024-03-20,15840
Elsy,52,['item2'],912,28,2024-06-03,25536
Kerk,8,['item2'],372,40,2024-07-15,14880
Rolph,110,['item1'],623,43,2024-10-28,26789
Antons,82,['item1'],425,18,2024-06-10,7650
Ricca,18,['item1'],259,1,2024-08-07,259
Corny,103,"['item2', 'item1']",23,21,2024-02-15,483
Justen,111,"['item1', 'item2']",301,8,2024-05-14,2408
Kelila,72,['item2'],167,5,2024-03-01,835
Melody,54,"['item1', 'item2']",186,14,2023-12-01,2604
Trent,0,['item2'],967,23,2024-05-26,22241
Dory,50,['item1'],486,11,2023-11-24,5346
Rosalie,61,['item1'],540,20,2024-05-22,10800
Emanuel,90,['item1'],661,38,2024-02-18,25118
Fawn,82,"['item2', 'item1']",425,44,2024-04-09,18700
Pamela,99,"['item1', 'item2']",80,36,2024-04-23,2880
Lissi,66,['item1'],658,13,2024-02-21,8554
Kacy,57,"['item1', 'item2']",152,15,2024-03-17,2280
Herby,68,"['item2', 'item1']",299,21,2023-12-13,6279
Evangelina,5,"['item1', 'item2']",837,22,2024-09-07,18414
Shepard,67,['item1'],267,23,2023-12-28,6141
Francklyn,103,['item1'],733,24,2024-08-01,17592
Carie,81,"['item1', 'item2']",341,43,2024-01-29,14663
Ainsley,44,['item1'],426,31,2024-02-19,13206
Hope,63,"['item2', 'item1']",885,11,2023-12-22,9735
Peri,74,['item2'],224,50,2024-09-21,11200
Sheri,91,['item1'],506,20,2024-03-14,10120
Marti,11,"['item1', 'item2']",290,28,2024-04-19,8120
Shena,103,"['item1', 'item2']",223,24,2024-02-18,5352
Shandeigh,34,"['item2', 'item1']",134,26,2024-07-19,3484
Guinevere,9,['item1'],737,6,2024-11-18,4422
Josee,14,['item2'],474,20,2024-04-25,9480
Elmira,67,"['item1', 'item2']",165,36,2024-04-20,5940
Gabrila,120,"['item2', 'item1']",220,25,2024-10-29,5500
Ralf,72,"['item2', 'item1']",608,7,2024-06-05,4256
Austen,25,"['item1', 'item2']",671,33,2024-07-21,22143
Richardo,34,['item2'],303,46,2024-02-12,13938
Nananne,61,['item1'],379,10,2024-03-24,3790
Sephira,66,"['item2', 'item1']",808,30,2024-01-09,24240
Torey,98,"['item1', 'item2']",769,48,2024-06-21,36912
Alexis,112,"['item1', 'item2']",945,41,2024-03-07,38745
Cordell,86,['item1'],410,34,2024-08-26,13940
Guendolen,11,['item2'],51,42,2024-02-19,2142
Abdel,103,['item1'],579,31,2024-05-29,17949
Reyna,87,['item2'],182,28,2024-05-04,5096
Beth,98,"['item1', 'item2']",244,11,2024-04-03,2684
Waldon,98,['item2'],42,39,2024-02-16,1638
Anitra,87,['item1'],150,23,2024-02-18,3450
Polly,11,"['item1', 'item2']",809,10,2024-06-14,8090
Chadwick,62,"['item1', 'item2']",848,10,2024-04-10,8480
Lorena,64,"['item2', 'item1']",195,36,2023-11-25,7020
Benedetto,53,['item1'],62,13,2024-02-28,806
Cara,44,['item1'],276,29,2024-09-14,8004
Putnem,23,"['item2', 'item1']",304,33,2023-12-09,10032
Allianora,74,['item1'],501,36,2024-05-07,18036
Lydon,25,"['item1', 'item2']",593,34,2024-09-01,20162
Torey,16,['item2'],62,36,2024-08-21,2232
Mellie,100,['item2'],367,19,2024-01-15,6973
Kiah,1,['item2'],721,41,2024-03-04,29561
Susanna,61,['item1'],300,50,2024-10-01,15000
Donnajean,76,['item1'],409,2,2023-12-20,818
Marshall,65,"['item1', 'item2']",104,49,2024-06-11,5096
Jillane,14,"['item1', 'item2']",711,41,2024-10-04,29151
Laverne,88,['item1'],774,8,2024-04-14,6192
Susette,48,['item2'],176,11,2024-03-19,1936
Gearard,81,['item2'],991,45,2024-02-03,44595
Aurthur,42,"['item1', 'item2']",888,17,2024-10-25,15096
Nicolais,8,['item2'],587,13,2024-08-11,7631
Cathie,41,"['item2', 'item1']",102,38,2024-09-20,3876
Robby,57,"['item2', 'item1']",655,16,2024-01-12,10480
Burch,84,['item2'],115,33,2023-12-29,3795
Saudra,38,"['item1', 'item2']",615,9,2024-07-23,5535
Leland,76,"['item2', 'item1']",630,33,2024-04-20,20790
Brande,119,['item1'],860,2,2024-07-31,1720
Devan,45,"['item1', 'item2']",199,30,2024-01-21,5970
Celene,44,"['item2', 'item1']",232,6,2023-11-23,1392
Gilbertina,103,['item2'],725,19,2024-01-27,13775
Jordan,110,['item1'],264,40,2024-07-30,10560
Krisha,70,['item1'],570,49,2024-09-15,27930
Dilly,112,"['item1', 'item2']",336,44,2024-08-23,14784
Blair,54,"['item1', 'item2']",147,38,2024-01-06,5586
Sky,66,['item2'],123,14,2024-09-29,1722
Ali,83,"['item2', 'item1']",36,34,2024-03-05,1224
Milty,112,"['item2', 'item1']",440,43,2024-10-31,18920
Pennie,16,"['item1', 'item2']",77,10,2024-08-25,770
Abeu,98,"['item2', 'item1']",553,19,2024-06-08,10507
Mindy,92,['item2'],725,30,2024-05-18,21750
Christye,119,"['item2', 'item1']",851,48,2024-04-29,40848
Valaria,70,['item2'],211,46,2024-09-06,9706
Skelly,90,"['item1', 'item2']",903,33,2024-02-05,29799
Rosemonde,26,['item1'],182,44,2024-07-22,8008
Olly,46,['item1'],826,22,2024-08-07,18172
Vernen,79,"['item1', 'item2']",919,48,2024-11-20,44112
Anton,38,"['item2', 'item1']",979,8,2024-05-22,7832
Sheelah,100,['item1'],770,12,2024-07-20,9240
Raleigh,15,"['item1', 'item2']",700,2,2024-09-26,1400
Chance,23,"['item1', 'item2']",740,22,2024-01-17,16280
Natale,71,"['item2', 'item1']",573,9,2023-12-14,5157
Karleen,3,"['item1', 'item2']",351,8,2024-01-13,2808
Freddy,63,"['item1', 'item2']",12,46,2024-09-29,552
Erin,0,['item2'],781,43,2024-03-13,33583
Lion,31,"['item1', 'item2']",281,43,2024-02-27,12083
Latisha,61,['item1'],430,36,2024-01-23,15480
Mame,52,['item2'],353,29,2024-11-15,10237
Demetra,97,"['item2', 'item1']",31,14,2024-05-14,434
Christiano,109,"['item1', 'item2']",959,46,2024-10-18,44114
Linnell,95,"['item1', 'item2']",729,40,2024-02-18,29160
Melany,116,['item1'],130,12,2024-09-24,1560
Hannah,100,['item2'],838,10,2024-07-20,8380
Tobit,107,"['item2', 'item1']",450,19,2024-10-11,8550
Krystal,15,"['item2', 'item1']",43,19,2024-07-21,817
Davita,41,['item1'],607,43,2024-06-19,26101
Chiarra,110,"['item2', 'item1']",634,28,2024-06-02,17752
Dennie,119,['item1'],568,24,2024-06-27,13632
Bevin,30,"['item1', 'item2']",507,37,2024-05-21,18759
Brandice,8,"['item2', 'item1']",268,37,2024-02-18,9916
Clarey,42,['item1'],629,19,2024-06-16,11951
Delaney,6,"['item2', 'item1']",657,34,2024-01-05,22338
Dyana,34,"['item2', 'item1']",772,41,2024-04-06,31652
Phyllis,2,['item2'],612,9,2024-03-30,5508
Philomena,117,"['item1', 'item2']",847,30,2024-04-16,25410
Morry,98,['item2'],118,4,2024-08-17,472
Giacobo,62,['item1'],130,34,2024-05-06,4420
Morse,21,"['item2', 'item1']",642,44,2024-05-08,28248
Cymbre,99,['item2'],373,41,2024-01-29,15293
Boyd,40,['item1'],194,12,2024-03-14,2328
Crawford,1,"['item1', 'item2']",741,27,2024-03-01,20007
Ardra,14,['item1'],14,24,2024-06-20,336
Sylvia,73,"['item2', 'item1']",307,27,2024-04-29,8289
Val,55,['item1'],564,43,2023-11-28,24252
Tedman,33,['item1'],845,41,2024-07-07,34645
Far,78,"['item2', 'item1']",40,31,2024-10-01,1240
Lonee,76,"['item2', 'item1']",638,40,2024-08-04,25520
Dick,39,"['item2', 'item1']",836,19,2024-04-28,15884
Page,117,['item2'],257,21,2024-10-23,5397
Therese,34,['item2'],615,16,2023-12-31,9840
Falkner,65,['item2'],870,6,2024-04-06,5220
Joshia,44,['item1'],267,44,2024-08-29,11748
Andy,88,"['item2', 'item1']",37,31,2024-04-01,1147
Rube,120,['item2'],320,34,2023-12-12,10880
Pincas,7,"['item2', 'item1']",569,39,2024-02-10,22191
Gweneth,60,"['item2', 'item1']",788,1,2024-05-15,788
Spenser,88,['item1'],667,24,2024-01-16,16008
Blondelle,88,['item2'],135,13,2024-04-29,1755
Webster,19,['item1'],154,32,2024-02-16,4928
Dore,102,"['item1', 'item2']",471,16,2024-02-06,7536
Jephthah,14,['item2'],704,41,2024-04-22,28864
Coop,102,['item1'],768,34,2024-02-26,26112
Jackelyn,99,['item2'],21,18,2024-04-04,378
Sorcha,74,['item2'],113,35,2024-07-30,3955
Carmelina,4,['item2'],827,11,2024-09-02,9097
Hollyanne,81,"['item1', 'item2']",60,21,2024-07-02,1260
Brita,44,['item2'],897,11,2023-12-01,9867
Alisun,67,"['item1', 'item2']",235,40,2023-11-30,9400
Lizette,34,['item2'],189,34,2024-10-13,6426
Prentiss,110,['item2'],800,49,2024-05-15,39200
Konstantine,55,['item1'],835,40,2023-11-23,33400
Barris,63,"['item1', 'item2']",117,49,2023-12-18,5733
Hendrik,81,"['item2', 'item1']",481,23,2024-11-19,11063
Lucille,23,"['item2', 'item1']",478,3,2024-02-02,1434
Trudie,103,"['item1', 'item2']",625,13,2024-03-09,8125
Jamima,6,"['item1', 'item2']",405,21,2024-03-21,8505
Skell,47,"['item2', 'item1']",659,29,2024-10-14,19111
Mahmud,7,"['item1', 'item2']",110,50,2024-08-13,5500
Jessalyn,79,"['item2', 'item1']",238,35,2024-07-06,8330
Oralie,103,['item2'],360,1,2024-04-02,360
Grannie,23,"['item1', 'item2']",806,1,2024-02-04,806
Filippa,58,['item2'],678,38,2024-03-23,25764
Elizabeth,60,"['item2', 'item1']",443,33,2024-02-26,14619
Moore,78,"['item2', 'item1']",589,17,2024-05-17,10013
Roshelle,39,"['item2', 'item1']",52,30,2024-08-12,1560
Kerrill,102,"['item1', 'item2']",4,14,2024-01-22,56
Elsy,69,['item1'],593,44,2024-03-19,26092
Van,59,['item1'],901,3,2023-12-24,2703
Alanna,65,"['item1', 'item2']",820,9,2024-01-25,7380
Aloise,44,"['item2', 'item1']",691,27,2024-07-21,18657
Minni,11,"['item1', 'item2']",742,29,2024-07-26,21518
Griswold,86,"['item2', 'item1']",824,19,2024-03-31,15656
Antonio,18,"['item2', 'item1']",385,18,2024-05-17,6930
Stacy,92,"['item1', 'item2']",377,9,2024-03-19,3393
Bebe,104,"['item1', 'item2']",739,1,2024-05-25,739
Claudina,110,['item2'],538,43,2024-05-25,23134
Ewen,5,['item1'],974,9,2024-02-27,8766
Joellen,99,['item2'],337,38,2024-07-07,12806
Carolus,44,['item1'],217,9,2024-04-19,1953
Edd,78,"['item2', 'item1']",605,43,2024-10-09,26015
Chad,51,"['item1', 'item2']",955,15,2024-03-17,14325
Andre,61,"['item1', 'item2']",506,37,2024-06-26,18722
Orrin,69,['item1'],704,27,2024-03-20,19008
Tobin,104,['item2'],628,47,2024-03-04,29516
Darrin,44,['item2'],730,5,2024-09-09,3650
Stevie,30,"['item2', 'item1']",237,8,2024-10-14,1896
Eachelle,0,"['item2', 'item1']",65,14,2024-02-04,910
Skylar,56,"['item1', 'item2']",644,11,2024-04-01,7084
Christoffer,102,"['item2', 'item1']",149,44,2024-07-26,6556
Constanta,83,['item2'],697,37,2024-02-29,25789
Philippine,48,['item1'],288,29,2024-04-26,8352
Cornelia,16,['item2'],182,34,2024-06-13,6188
Laurence,105,"['item1', 'item2']",462,25,2024-08-14,11550
Shermie,107,"['item1', 'item2']",628,8,2023-12-31,5024
Lily,104,['item2'],537,47,2024-02-15,25239
Yehudi,108,"['item2', 'item1']",450,16,2024-06-09,7200
Waverly,41,"['item2', 'item1']",26,47,2023-12-08,1222
Maressa,89,"['item2', 'item1']",403,27,2024-07-12,10881
Ulrika,56,"['item2', 'item1']",173,15,2024-09-18,2595
Parke,94,['item2'],430,31,2023-12-10,13330
Zsazsa,83,"['item1', 'item2']",233,2,2024-02-03,466
Udale,104,['item1'],3,20,2024-10-05,60
Francis,48,['item2'],516,48,2023-11-26,24768
Rennie,67,['item1'],492,7,2023-12-31,3444
Hayes,10,['item2'],314,7,2024-04-12,2198
Renato,44,"['item1', 'item2']",829,9,2024-10-16,7461
Maryanna,65,['item1'],899,44,2024-06-24,39556
Alphonso,59,['item2'],301,14,2023-12-04,4214
Cyril,65,"['item1', 'item2']",857,45,2024-05-13,38565
Elbert,18,"['item1', 'item2']",529,3,2024-04-22,1587
Sandy,97,"['item2', 'item1']",306,26,2024-08-17,7956
Karlis,25,"['item1', 'item2']",47,29,2024-09-07,1363
Thibaut,45,"['item1', 'item2']",239,14,2024-03-15,3346
Cassandra,114,"['item2', 'item1']",797,26,2024-01-04,20722
Kristofor,30,['item2'],761,43,2024-01-06,32723
Eldon,73,"['item1', 'item2']",170,44,2024-08-29,7480
Leonore,4,"['item1', 'item2']",289,19,2024-06-04,5491
Christye,32,['item2'],715,30,2024-07-14,21450
Culver,47,"['item2', 'item1']",964,6,2024-11-04,5784
Jeramie,81,['item2'],410,16,2024-02-22,6560
Blaine,23,['item2'],649,34,2024-10-07,22066
Englebert,2,"['item2', 'item1']",779,19,2024-09-05,14801
Mitchael,87,['item2'],961,26,2024-03-22,24986
Joel,16,['item1'],802,40,2024-04-26,32080
Jermain,11,['item1'],631,40,2024-11-16,25240
Myrta,33,"['item2', 'item1']",118,40,2024-10-11,4720
Fabio,103,['item1'],369,17,2024-07-12,6273
Marin,62,"['item1', 'item2']",550,26,2024-08-14,14300
Tomasina,17,['item1'],791,25,2024-03-17,19775
Lilia,25,"['item1', 'item2']",594,39,2024-11-11,23166
Rafe,62,"['item1', 'item2']",820,10,2024-03-17,8200
Letisha,110,['item2'],535,38,2024-01-15,20330
Bianca,49,"['item1', 'item2']",858,22,2024-04-04,18876
Silvio,65,['item1'],628,22,2024-09-30,13816
Emiline,80,['item1'],95,43,2024-07-18,4085
Keslie,117,"['item1', 'item2']",76,14,2023-11-30,1064
Sandi,116,['item1'],336,9,2024-04-07,3024
Brandtr,48,"['item1', 'item2']",804,27,2024-04-05,21708
Cindie,98,['item2'],864,49,2024-07-01,42336
Anatol,54,"['item1', 'item2']",448,27,2024-03-11,12096
Wallis,1,['item2'],675,17,2024-11-08,11475
Shurwood,54,"['item1', 'item2']",820,38,2024-08-13,31160
Alma,48,"['item1', 'item2']",339,30,2024-10-13,10170
Vito,94,['item1'],759,32,2024-01-03,24288
Analise,94,['item2'],540,11,2024-06-23,5940
Kelli,32,"['item2', 'item1']",342,49,2024-08-21,16758
Holly,17,"['item2', 'item1']",719,21,2024-04-21,15099
Sean,41,['item2'],632,3,2024-07-30,1896
Joella,9,"['item1', 'item2']",352,19,2024-11-19,6688
Lowell,52,['item1'],782,43,2024-08-30,33626
Amy,112,"['item1', 'item2']",788,18,2024-04-09,14184
Yul,91,"['item1', 'item2']",202,35,2024-02-02,7070
Laney,15,"['item1', 'item2']",517,34,2024-07-30,17578
Nick,20,"['item2', 'item1']",233,31,2024-04-01,7223
Meir,72,['item1'],259,37,2024-09-05,9583
Jeanelle,1,"['item1', 'item2']",63,19,2024-08-29,1197
Boycey,109,['item1'],792,25,2024-01-07,19800
Hedy,40,['item1'],289,34,2024-04-25,9826
Haleigh,118,['item1'],840,37,2023-11-22,31080
Geneva,48,['item1'],738,29,2024-05-21,21402
Lonna,86,['item2'],498,25,2024-05-17,12450
Spence,5,['item2'],570,11,2024-05-31,6270
Miller,40,['item1'],148,20,2024-03-13,2960
Nady,81,"['item2', 'item1']",448,9,2023-11-26,4032
Melloney,95,['item2'],620,36,2024-10-07,22320
Prentiss,31,['item2'],308,6,2024-11-03,1848
Esme,36,"['item2', 'item1']",514,38,2023-12-09,19532
Susette,95,['item1'],221,3,2024-10-17,663
Karlotte,64,"['item2', 'item1']",474,6,2024-03-30,2844
Courtenay,0,['item1'],974,39,2024-02-17,37986
Morgun,115,['item2'],479,24,2024-08-24,11496
Wilhelmina,39,['item1'],746,40,2024-11-06,29840
Delmer,10,['item2'],764,18,2024-06-05,13752
Osbourne,104,['item2'],69,36,2024-07-09,2484
Mayne,90,['item1'],572,10,2024-03-18,5720
Daisi,13,['item1'],370,28,2024-06-08,10360
Rae,105,['item1'],36,35,2024-08-18,1260
Liliane,91,['item2'],484,23,2023-11-29,11132
Hurlee,21,"['item1', 'item2']",426,47,2024-08-21,20022
Jesse,45,['item1'],543,21,2024-04-27,11403
Juieta,8,['item2'],534,30,2024-04-01,16020
Ethyl,47,"['item2', 'item1']",124,6,2024-11-04,744
Kaila,12,"['item1', 'item2']",593,28,2024-08-08,16604
Margret,117,['item1'],690,21,2024-09-24,14490
Chickie,29,['item1'],853,47,2024-09-24,40091
Dwayne,19,"['item1', 'item2']",603,11,2024-07-02,6633
Shela,0,['item2'],482,33,2024-09-13,15906
Avrit,34,"['item2', 'item1']",618,13,2024-08-09,8034
Anestassia,6,['item1'],781,24,2024-02-26,18744
Genevra,71,"['item1', 'item2']",545,26,2024-11-15,14170
Jessalin,42,['item1'],986,39,2024-09-04,38454
Ciel,20,"['item1', 'item2']",870,20,2024-04-11,17400
Kevina,106,['item1'],88,16,2023-11-30,1408
Philippine,104,['item1'],718,47,2024-04-21,33746
Nefen,50,"['item1', 'item2']",846,20,2024-01-06,16920
Nappy,20,"['item1', 'item2']",502,40,2024-11-14,20080
Star,46,"['item1', 'item2']",132,50,2024-04-19,6600
Louisette,37,['item1'],991,2,2024-06-11,1982
Nefen,36,"['item2', 'item1']",154,12,2024-06-15,1848
Dulcy,55,"['item1', 'item2']",77,38,2024-05-24,2926
Clary,71,"['item2', 'item1']",763,39,2023-12-22,29757
Jared,52,['item2'],359,7,2024-07-27,2513
Sibby,88,['item1'],980,26,2024-04-21,25480
Dyann,38,['item2'],848,5,2024-11-06,4240
Noll,24,['item1'],549,41,2024-10-30,22509
Glad,84,"['item1', 'item2']",949,25,2024-05-24,23725
Sileas,6,"['item1', 'item2']",544,41,2024-02-26,22304
Dorie,40,['item1'],51,30,2023-12-12,1530
Hilliary,111,['item2'],668,12,2024-02-01,8016
Elisha,20,['item2'],164,18,2024-02-09,2952
Shaw,58,['item2'],289,35,2023-12-25,10115
Krissie,7,['item2'],875,1,2024-03-20,875
Chas,67,"['item2', 'item1']",945,14,2024-05-31,13230
Odie,30,['item2'],389,40,2024-08-13,15560
Hildagarde,27,['item2'],917,42,2024-09-25,38514
Corty,11,"['item1', 'item2']",424,7,2024-09-24,2968
Raymond,81,['item2'],860,2,2024-01-03,1720
Leonerd,82,['item1'],407,28,2024-08-29,11396
Erv,2,"['item2', 'item1']",567,26,2024-10-25,14742
Maire,67,['item1'],501,11,2024-05-16,5511
Gwynne,80,['item2'],412,24,2024-10-17,9888
Hans,80,['item2'],671,35,2024-01-07,23485
Rhetta,42,"['item1', 'item2']",648,26,2023-12-29,16848
Jorie,106,"['item2', 'item1']",974,19,2024-08-16,18506
Allistir,39,"['item1', 'item2']",792,35,2024-11-05,27720
Maryrose,23,"['item2', 'item1']",751,44,2024-04-29,33044
Lissy,32,['item2'],15,1,2024-03-16,15
Hilary,21,['item2'],97,10,2024-09-14,970
Claybourne,16,['item2'],246,46,2024-02-01,11316
Brunhilde,109,"['item1', 'item2']",574,38,2024-01-02,21812
Lethia,34,"['item2', 'item1']",483,8,2024-02-13,3864
Magdaia,7,"['item2', 'item1']",348,38,2024-05-19,13224
Thedrick,45,['item2'],667,4,2024-08-11,2668
Rockie,55,['item2'],794,23,2024-03-01,18262
Thornton,73,['item2'],466,42,2024-11-01,19572
Lek,43,"['item2', 'item1']",127,20,2024-08-08,2540
Beryl,110,"['item1', 'item2']",540,40,2024-01-05,21600
Wilton,40,"['item1', 'item2']",758,29,2024-05-13,21982
Aurelie,57,"['item1', 'item2']",881,34,2024-10-27,29954
Avigdor,23,"['item1', 'item2']",15,10,2024-01-01,150
Jeremie,66,['item2'],120,25,2023-12-26,3000
Kaye,97,"['item1', 'item2']",454,17,2024-06-28,7718
Stephanus,50,['item1'],139,49,2024-08-06,6811
Oralia,4,"['item1', 'item2']",926,34,2024-02-22,31484
Jarrid,48,['item1'],696,3,2024-04-16,2088
Ajay,64,['item2'],85,27,2024-09-13,2295
Vaughn,58,['item2'],322,11,2024-09-25,3542
Karisa,37,['item2'],104,43,2024-05-18,4472
Xena,64,['item2'],113,47,2024-10-05,5311
Fara,34,"['item2', 'item1']",844,45,2024-08-06,37980
Kipp,5,['item2'],828,31,2024-06-03,25668
Adorne,39,"['item1', 'item2']",764,38,2024-02-23,29032
Jenni,3,['item2'],914,40,2024-05-23,36560
Crin,99,"['item2', 'item1']",290,20,2024-06-17,5800
Bernelle,18,['item2'],652,3,2024-08-20,1956
Wolfie,53,"['item1', 'item2']",452,19,2024-05-11,8588
Waldemar,27,"['item2', 'item1']",838,19,2024-03-01,15922
Marylinda,63,['item1'],203,42,2024-11-01,8526
Nadya,119,"['item2', 'item1']",210,3,2024-02-06,630
Trueman,48,"['item2', 'item1']",115,35,2024-04-29,4025
Fabien,117,"['item2', 'item1']",339,35,2024-01-16,11865
Idaline,59,['item1'],538,36,2024-10-19,19368
Leonid,63,"['item1', 'item2']",112,21,2024-09-21,2352
Dylan,93,['item1'],728,43,2023-12-29,31304
Felicle,107,"['item1', 'item2']",566,46,2024-02-22,26036
Tamera,113,"['item1', 'item2']",501,33,2024-11-18,16533
Hedda,12,"['item1', 'item2']",347,9,2024-08-31,3123
Briny,95,['item1'],159,3,2024-03-23,477
Hersh,54,"['item1', 'item2']",373,3,2024-04-03,1119
Ellynn,94,['item1'],530,23,2023-12-13,12190
Penelopa,23,"['item2', 'item1']",999,35,2024-06-27,34965
Enrichetta,37,"['item1', 'item2']",359,9,2024-06-11,3231
Ward,87,"['item1', 'item2']",945,11,2024-02-12,10395
Melodie,29,"['item1', 'item2']",215,13,2024-08-18,2795
Ezekiel,53,"['item1', 'item2']",23,22,2024-01-02,506
Ingram,1,"['item2', 'item1']",884,37,2023-12-13,32708
Blithe,90,['item2'],572,43,2023-11-28,24596
Cliff,82,"['item2', 'item1']",368,34,2024-04-02,12512
Cynde,103,"['item1', 'item2']",143,29,2024-06-09,4147
Bret,42,['item1'],467,13,2023-12-21,6071
Tommie,79,['item1'],860,6,2024-02-11,5160
Lenka,17,"['item2', 'item1']",839,46,2024-09-26,38594
Ignacio,24,"['item2', 'item1']",705,17,2024-02-22,11985
Heather,91,"['item1', 'item2']",770,23,2024-01-24,17710
Gertrud,88,"['item2', 'item1']",283,6,2024-10-10,1698
Bancroft,38,"['item2', 'item1']",732,38,2023-12-09,27816
Dermot,42,['item2'],665,26,2024-11-01,17290
Patric,104,['item1'],171,19,2024-03-12,3249
Jarred,107,['item1'],519,32,2024-06-15,16608
Poul,47,['item2'],622,31,2024-09-21,19282
Sydney,114,"['item1', 'item2']",694,33,2024-03-27,22902
Alphard,116,['item2'],225,16,2024-06-27,3600
Sig,105,"['item2', 'item1']",758,46,2024-09-18,34868
Sukey,100,"['item2', 'item1']",464,19,2024-03-16,8816
Peirce,115,"['item2', 'item1']",936,31,2024-08-04,29016
Ashli,39,['item2'],916,21,2024-03-31,19236
Malissa,106,['item2'],478,42,2024-04-05,20076
June,50,"['item1', 'item2']",212,47,2024-04-11,9964
Mary,56,"['item1', 'item2']",733,26,2024-01-26,19058
Franny,51,"['item1', 'item2']",819,35,2024-09-08,28665
Rafaellle,25,['item1'],402,47,2024-09-01,18894
Corbie,117,"['item2', 'item1']",738,5,2024-10-23,3690
Eve,48,"['item1', 'item2']",45,35,2024-11-07,1575
Amby,14,['item2'],587,25,2023-12-11,14675
Sammy,90,['item1'],550,10,2023-12-12,5500
Genia,5,['item2'],678,43,2024-04-05,29154
Heall,106,"['item1', 'item2']",16,22,2024-02-10,352
Meier,84,['item2'],982,2,2024-01-29,1964
Ginevra,0,['item2'],448,48,2024-07-10,21504
Hastie,59,['item1'],955,8,2023-11-27,7640
Juana,96,['item1'],746,4,2024-07-03,2984
Avictor,17,['item1'],24,32,2024-04-08,768
Lilith,112,"['item2', 'item1']",830,11,2024-08-18,9130
Madelle,71,"['item1', 'item2']",750,18,2024-07-04,13500
Valaree,120,['item2'],287,46,2024-07-17,13202
Rana,12,['item2'],648,50,2024-05-05,32400
Erasmus,10,['item2'],951,40,2024-09-07,38040
Paulina,49,"['item1', 'item2']",815,11,2024-04-10,8965
Devonne,111,['item2'],887,37,2024-05-23,32819
Nanci,16,['item2'],900,48,2024-07-16,43200
Jecho,40,['item2'],547,22,2024-08-04,12034
Camellia,108,"['item2', 'item1']",934,15,2024-07-09,14010
Veda,33,"['item1', 'item2']",542,14,2024-01-21,7588
Rupert,10,"['item1', 'item2']",422,34,2024-05-01,14348
Tallou,20,['item1'],442,45,2024-03-03,19890
Virge,97,['item1'],245,41,2024-07-30,10045
Hester,55,"['item1', 'item2']",847,42,2024-01-20,35574
Sally,91,"['item1', 'item2']",496,48,2023-12-28,23808
Irvin,60,"['item2', 'item1']",372,27,2023-12-14,10044
Isabelita,57,['item2'],856,28,2024-02-26,23968
Fairleigh,100,"['item1', 'item2']",404,39,2024-11-03,15756
Abie,87,['item2'],793,11,2024-06-21,8723
Kristan,96,"['item2', 'item1']",521,28,2024-05-13,14588
Craggy,44,['item2'],407,43,2023-11-27,17501
Nessie,108,['item1'],44,35,2024-05-07,1540
Aurthur,60,"['item2', 'item1']",286,45,2024-04-03,12870
Kailey,111,['item1'],457,5,2024-07-23,2285
Livia,101,"['item2', 'item1']",635,45,2024-02-09,28575
Lari,80,"['item2', 'item1']",49,50,2024-07-04,2450
Simona,29,['item1'],355,15,2024-10-09,5325
Julieta,80,['item2'],952,44,2024-10-22,41888
Lindsay,14,"['item1', 'item2']",887,19,2024-07-13,16853
Rosalinda,41,['item2'],669,24,2024-07-24,16056
Irma,9,"['item2', 'item1']",614,39,2024-10-14,23946
Tilly,76,['item2'],174,19,2024-06-06,3306
Chastity,70,['item2'],8,30,2024-06-26,240
Eada,82,"['item2', 'item1']",668,45,2024-01-21,30060
Keelby,41,"['item1', 'item2']",208,33,2024-05-13,6864
Taber,49,"['item2', 'item1']",446,11,2024-01-01,4906
Annnora,109,"['item1', 'item2']",886,45,2023-12-06,39870
Basil,17,"['item1', 'item2']",576,34,2024-04-12,19584
Deny,39,"['item2', 'item1']",478,27,2024-01-25,12906
Cosmo,72,"['item2', 'item1']",725,32,2024-03-16,23200
Amanda,7,['item1'],380,14,2024-01-18,5320
Lauritz,85,"['item2', 'item1']",955,17,2024-06-28,16235
Vachel,100,['item2'],218,34,2024-05-06,7412
Agatha,105,"['item2', 'item1']",398,20,2024-09-21,7960
Christan,101,['item1'],391,21,2024-11-16,8211
Freida,39,"['item2', 'item1']",139,7,2024-05-02,973
Anson,7,"['item1', 'item2']",218,46,2024-01-09,10028
Dorotea,80,['item2'],370,45,2024-07-28,16650
Conan,93,"['item1', 'item2']",708,23,2024-06-11,16284
Henrik,90,['item1'],982,36,2024-08-19,35352
Sonnie,18,"['item1', 'item2']",570,6,2024-01-06,3420
Ulrick,98,['item1'],180,19,2024-06-11,3420
Amaleta,16,"['item1', 'item2']",338,39,2024-07-14,13182
Alli,89,"['item1', 'item2']",688,27,2024-05-29,18576
Clementine,35,"['item2', 'item1']",965,43,2024-06-02,41495
Thain,88,"['item2', 'item1']",441,33,2024-06-02,14553
Bail,77,['item2'],286,36,2024-10-31,10296
Aubine,11,['item1'],551,7,2024-05-06,3857
Iris,9,"['item1', 'item2']",153,50,2024-08-06,7650
Saundra,67,['item2'],821,26,2024-06-02,21346
Dominica,103,"['item1', 'item2']",965,31,2023-11-25,29915
Thurston,85,"['item1', 'item2']",802,27,2024-02-05,21654
Ferguson,96,['item1'],872,32,2024-05-05,27904
Lottie,44,"['item1', 'item2']",966,43,2024-05-05,41538
Alfi,97,['item2'],79,25,2024-08-25,1975
Leta,1,['item1'],133,30,2023-12-30,3990
Pail,103,"['item2', 'item1']",549,35,2024-05-23,19215
Bartie,33,['item2'],615,30,2023-11-27,18450
Joyann,97,"['item2', 'item1']",702,36,2024-06-08,25272
Alasdair,68,"['item1', 'item2']",606,19,2024-05-21,11514
Wilton,37,['item1'],464,22,2024-09-24,10208
Fleming,100,"['item1', 'item2']",677,23,2024-10-14,15571
Julia,87,['item1'],438,1,2023-12-14,438
Robert,60,['item2'],80,50,2024-02-28,4000
Jeth,28,"['item2', 'item1']",490,6,2024-10-27,2940
Dalli,86,"['item1', 'item2']",94,39,2024-10-20,3666
Mort,35,['item1'],40,32,2023-12-21,1280
Giraldo,87,"['item2', 'item1']",338,45,2024-09-08,15210
Eldon,81,"['item1', 'item2']",144,7,2024-04-02,1008
Essy,5,"['item1', 'item2']",225,28,2024-11-21,6300
Hiram,48,['item1'],213,48,2024-09-25,10224
Fabiano,102,['item1'],569,13,2024-03-18,7397
Georgina,115,['item1'],297,39,2024-10-03,11583
Bartel,18,['item1'],426,38,2024-05-16,16188
Leela,76,"['item1', 'item2']",174,6,2024-10-14,1044
Carine,107,"['item2', 'item1']",2,46,2023-12-24,92
Bourke,105,['item1'],478,45,2024-07-23,21510
Chic,114,"['item1', 'item2']",793,33,2024-09-21,26169
Joe,17,"['item1', 'item2']",331,25,2024-04-06,8275
Valaree,7,['item1'],468,47,2024-02-09,21996
Estell,7,"['item1', 'item2']",473,1,2024-09-04,473
Yoko,48,"['item2', 'item1']",40,22,2024-02-13,880
Kellen,110,['item2'],711,7,2024-02-02,4977
Alfy,58,['item2'],527,37,2024-06-23,19499
Sidnee,17,['item1'],847,15,2024-10-08,12705
Pearce,47,"['item1', 'item2']",714,36,2024-02-21,25704
Brenden,114,"['item2', 'item1']",246,2,2024-04-10,492
Candis,79,['item1'],301,39,2024-02-10,11739
Bevan,67,"['item1', 'item2']",796,49,2023-12-09,39004
Catlee,106,"['item2', 'item1']",968,11,2024-02-08,10648
Britt,75,['item2'],637,42,2024-09-06,26754
Malinde,96,['item1'],644,49,2023-12-30,31556
Jo,42,['item2'],79,35,2024-02-28,2765
Inga,21,['item1'],727,1,2024-07-09,727
Darrelle,81,"['item1', 'item2']",31,41,2024-04-14,1271
Yolanthe,14,"['item2', 'item1']",614,11,2024-05-08,6754
Meris,104,"['item2', 'item1']",825,29,2024-07-18,23925
Clo,25,['item1'],314,40,2024-06-11,12560
Timothea,50,"['item2', 'item1']",805,36,2024-05-14,28980
Sher,24,"['item2', 'item1']",114,44,2024-11-09,5016
Margit,48,"['item1', 'item2']",778,34,2024-01-24,26452
Parry,104,['item1'],152,50,2024-06-07,7600
Honor,49,"['item2', 'item1']",649,22,2024-07-19,14278
Marisa,120,"['item2', 'item1']",173,18,2024-07-13,3114
Cazzie,118,['item1'],799,45,2024-04-28,35955
Cari,59,"['item2', 'item1']",633,1,2024-04-07,633
Winifield,51,"['item2', 'item1']",427,46,2023-12-26,19642
Jobye,75,"['item2', 'item1']",901,27,2024-04-30,24327
Ashton,92,['item1'],896,15,2023-11-30,13440
Etti,64,"['item2', 'item1']",155,13,2024-01-26,2015
Sibelle,104,"['item2', 'item1']",693,35,2024-01-09,24255
Holt,78,['item2'],842,34,2024-08-06,28628
Allix,70,"['item1', 'item2']",22,16,2024-02-11,352
Wernher,34,"['item2', 'item1']",848,36,2024-04-24,30528
Chester,90,['item1'],762,19,2024-10-10,14478
Bethena,120,"['item1', 'item2']",293,22,2024-06-28,6446
Simmonds,69,['item1'],996,23,2024-07-28,22908
Nikolaos,76,['item1'],982,9,2024-07-15,8838
Stillman,12,['item1'],690,34,2024-10-17,23460
Dell,93,"['item2', 'item1']",233,19,2024-02-01,4427
Corbet,24,"['item2', 'item1']",395,39,2024-10-31,15405
Lynna,64,"['item2', 'item1']",690,30,2024-06-28,20700
Wright,76,['item1'],255,44,2024-01-01,11220
Emmy,78,['item1'],693,9,2024-02-27,6237
Annadiane,62,"['item2', 'item1']",147,30,2024-03-16,4410
Emmi,37,['item1'],694,23,2024-04-07,15962
Percival,87,['item2'],255,40,2024-03-28,10200
Bevvy,94,"['item2', 'item1']",950,42,2024-03-04,39900
Selby,66,"['item1', 'item2']",57,41,2024-11-10,2337
Elton,39,['item2'],695,50,2024-03-02,34750
Maddie,22,['item2'],763,3,2024-02-29,2289
Valina,59,['item2'],663,14,2024-11-08,9282
Ryann,25,['item2'],197,32,2024-08-26,6304
Niels,8,['item2'],550,32,2024-03-01,17600
Oates,39,"['item2', 'item1']",364,8,2024-11-06,2912
Yurik,10,"['item2', 'item1']",413,20,2024-07-29,8260
Genevieve,105,"['item1', 'item2']",432,17,2023-12-09,7344
Hersh,35,['item2'],687,24,2024-03-27,16488
Darrel,110,"['item1', 'item2']",734,30,2024-01-24,22020
Joane,111,['item2'],624,29,2024-02-09,18096
Kelby,103,"['item2', 'item1']",112,34,2024-03-14,3808
Ginny,63,['item1'],812,34,2024-02-08,27608
Chip,49,['item2'],619,16,2024-08-25,9904
Danna,85,['item2'],267,9,2024-05-14,2403
Juliann,56,['item2'],253,20,2024-05-22,5060
Mariya,83,['item1'],844,20,2023-11-28,16880
Ranna,79,['item1'],364,28,2024-08-22,10192
Kippy,102,['item2'],731,46,2024-11-17,33626
Chas,84,['item2'],175,32,2023-11-23,5600
Otho,107,['item2'],604,29,2024-10-08,17516
Walther,22,['item1'],739,48,2024-05-04,35472
Carly,74,['item2'],92,15,2024-07-15,1380
Adelbert,72,"['item2', 'item1']",222,45,2024-05-11,9990
Carey,61,['item1'],40,22,2024-06-26,880
Adair,7,['item1'],263,10,2024-04-25,2630
Rolando,72,['item2'],355,45,2024-10-21,15975
Isabeau,114,['item1'],892,48,2024-01-22,42816
Denny,91,"['item2', 'item1']",331,13,2024-08-20,4303
Hobey,30,['item2'],654,34,2024-04-26,22236
Art,87,['item1'],208,12,2024-07-18,2496
Hermia,48,['item1'],257,1,2024-01-27,257
Grissel,60,"['item2', 'item1']",649,11,2024-05-01,7139
Budd,43,"['item1', 'item2']",415,44,2024-02-24,18260
Rriocard,61,['item1'],38,45,2024-03-14,1710
Son,33,"['item2', 'item1']",801,11,2024-01-09,8811
Edgar,6,['item1'],830,38,2024-09-11,31540
Muffin,9,['item1'],39,16,2024-11-21,624
Theo,53,['item1'],459,9,2024-01-25,4131
Mariya,100,"['item2', 'item1']",830,18,2024-06-21,14940
Ethel,40,"['item2', 'item1']",143,34,2024-11-15,4862
Howey,58,"['item2', 'item1']",987,24,2024-11-17,23688
Con,85,"['item2', 'item1']",479,23,2023-11-26,11017
Dora,119,['item1'],449,49,2024-08-25,22001
Sherye,97,"['item1', 'item2']",262,43,2024-04-25,11266
Dugald,91,"['item2', 'item1']",529,4,2024-03-17,2116
Marney,106,"['item1', 'item2']",816,48,2024-11-02,39168
Charmine,99,"['item1', 'item2']",959,36,2024-05-14,34524
Jsandye,112,"['item1', 'item2']",829,14,2023-12-01,11606
Joshia,22,"['item1', 'item2']",227,11,2023-12-14,2497
Denise,99,"['item2', 'item1']",397,23,2024-09-24,9131
Athena,79,"['item1', 'item2']",883,23,2024-02-23,20309
Ilka,37,['item2'],699,15,2024-01-18,10485
Donnamarie,65,['item2'],422,11,2024-10-10,4642
Brent,10,['item1'],46,30,2024-01-31,1380
Rosco,24,['item2'],429,24,2024-02-26,10296
Ximenes,110,['item1'],705,17,2024-03-13,11985
Koralle,62,['item1'],337,44,2024-03-12,14828
Darcie,116,['item2'],914,44,2024-05-03,40216
Theodor,86,"['item1', 'item2']",521,19,2024-09-17,9899
Evonne,78,"['item2', 'item1']",225,33,2024-01-18,7425
Roxana,26,['item1'],936,33,2024-01-31,30888
Jordanna,68,"['item2', 'item1']",56,1,2024-05-02,56
Llewellyn,60,"['item1', 'item2']",337,47,2024-11-15,15839
Jason,19,"['item2', 'item1']",920,8,2023-12-01,7360
Hy,64,['item2'],230,49,2024-04-06,11270
Linzy,80,"['item2', 'item1']",136,29,2024-11-11,3944
Fredra,83,['item1'],260,34,2024-05-26,8840
Jamima,76,"['item2', 'item1']",100,14,2024-07-29,1400
Susann,37,['item1'],510,8,2023-12-20,4080
Domingo,118,"['item2', 'item1']",625,25,2023-12-24,15625
Joan,96,"['item2', 'item1']",343,48,2024-10-26,16464
Hilary,39,"['item2', 'item1']",575,47,2024-02-12,27025
Wash,119,['item1'],422,33,2024-07-03,13926
Tomi,12,['item1'],947,29,2024-01-17,27463
Liana,22,"['item2', 'item1']",383,12,2024-04-16,4596
Chandra,32,"['item2', 'item1']",568,19,2024-08-02,10792
Maye,92,['item2'],566,33,2024-01-03,18678
Joana,40,['item1'],153,34,2024-08-13,5202
Cooper,59,"['item2', 'item1']",794,5,2024-07-09,3970
Yvonne,58,"['item2', 'item1']",997,33,2024-02-26,32901
Sandy,116,"['item1', 'item2']",870,30,2023-12-06,26100
Manolo,8,"['item2', 'item1']",133,28,2024-10-03,3724
Dall,19,['item2'],13,11,2024-01-07,143
Nathanael,60,['item2'],967,8,2023-12-02,7736
Dominique,37,"['item2', 'item1']",972,31,2024-07-01,30132
Pace,0,"['item2', 'item1']",977,10,2024-04-29,9770
Dalton,102,['item1'],682,50,2024-11-14,34100
Godfrey,52,"['item2', 'item1']",187,6,2024-09-17,1122
Wald,52,"['item1', 'item2']",698,44,2024-03-18,30712
Constancia,89,['item2'],865,33,2024-10-23,28545
Loria,24,['item2'],895,31,2024-06-06,27745
Erasmus,8,"['item1', 'item2']",619,36,2024-09-20,22284
Gery,47,"['item2', 'item1']",76,37,2024-10-30,2812
Darrelle,36,"['item1', 'item2']",12,20,2024-03-06,240
Inglebert,59,['item2'],927,41,2023-12-09,38007
Parry,79,['item2'],927,18,2024-11-07,16686
Kingsly,109,['item2'],400,40,2024-09-02,16000
Berny,7,['item1'],123,17,2024-04-23,2091
Emmott,32,"['item1', 'item2']",777,33,2024-03-12,25641
Ebonee,24,"['item1', 'item2']",678,45,2024-05-01,30510
Tarrah,5,['item1'],607,31,2024-06-22,18817
Thom,52,['item1'],964,28,2024-09-27,26992
Eddi,16,['item1'],340,25,2024-03-29,8500
Griffy,43,"['item1', 'item2']",688,7,2024-07-27,4816
Valdemar,83,"['item1', 'item2']",797,35,2024-10-30,27895
Bent,60,['item1'],902,27,2024-08-24,24354
Chery,36,['item2'],601,31,2024-06-13,18631
Karil,6,['item2'],746,33,2024-10-28,24618
Hermina,6,['item1'],574,11,2024-09-16,6314
Justen,28,['item1'],254,7,2024-08-07,1778
Damian,16,"['item2', 'item1']",410,27,2024-07-15,11070
Loni,76,"['item1', 'item2']",95,23,2024-02-05,2185
Ingunna,97,['item2'],720,29,2024-02-27,20880
Benni,28,"['item2', 'item1']",979,28,2024-07-03,27412
Vivi,97,['item2'],544,29,2024-02-06,15776
Leeland,0,"['item2', 'item1']",447,47,2024-04-14,21009
Job,59,"['item2', 'item1']",836,4,2024-05-16,3344
Ursuline,118,['item2'],8,4,2024-10-19,32
Betteann,116,"['item1', 'item2']",803,6,2024-04-29,4818
Arron,60,"['item1', 'item2']",307,15,2024-08-23,4605
Dalli,5,"['item2', 'item1']",182,37,2024-01-14,6734
Loren,33,['item2'],729,8,2024-10-23,5832
Sephira,13,['item1'],39,11,2024-10-22,429
Dallon,23,"['item2', 'item1']",496,21,2024-02-19,10416
Byram,81,['item1'],637,40,2023-12-24,25480
Kenny,13,"['item2', 'item1']",519,33,2024-01-23,17127
Chev,98,['item2'],974,32,2024-11-13,31168
Patty,66,['item1'],52,16,2024-03-28,832
Crista,79,['item1'],193,39,2024-10-01,7527
